name,latitude,longitude,address,tag,uid
广州塔,641618.182199,11331.178929,广东省广州市海珠区阅江西路222号(广州塔站B出口170米左右),旅游景点 4A景区,45d8aa46648681673a13fd63
广州塔-停车场,23.108119,113.318263,,,
广州塔,641692.142082,11331.419182,APM线;地铁3号线;海珠有轨电车1号线,,b3741bece30ad8582ab97cdf
广州塔广场,641290.188375,11331.213963,广州市海珠区广州塔路8号,休闲娱乐 休闲广场,bf7e6f6a5a4e178a018972ad
广州塔路,641211.028118,11331.77058,广东省广州市海珠区,道路,d3911dcbde1b540ef92d616b
广州塔广场Canton Tower Plaza,641290.188375,11331.213963,广东省广州市海珠区赤岗街道广州塔路8号,房地产 商业综合体,9bcc3d342e4bb8a8b6147f72
广州塔地铁站-地铁口-广州塔,641700.388727,11334.809647,,,090c8671dc75f8823062128f
广州塔观景平台,641639.969296,11331.249685,广东省广州市海珠区广州塔2层,旅游景点,2f2ff46710895581ca2915bb
广州塔-西广场,641625.482405,11332.186037,广东省广州市海珠区阅江西路222号,休闲娱乐 休闲广场,f8e8a5e8d25a132ffbf0cb80
广州塔-东广场,641603.541532,11333.575401,广东省广州市海珠区阅江西路222号,休闲娱乐 休闲广场,73fd25cc6caf62e79d95de04
广州华畔公寓(广州塔琶洲会展店),639931.51564,11333.61987,新港中路456号纵横公寓西塔1930室,酒店 公寓式酒店 经济型 亲子酒店,9087ad869c59b1aab6147fed
湘村土菜,1982592.332677,11288.534057,岳麓岳麓区府后路,美食 中餐馆 餐馆,b15b5951f345f1c9b8bd6333
广州塔,23.108885,113.319112,广东省广州市海珠区阅江西路222号(广州塔站B出口170米左右),,45d8aa46648681673a13fd63
