Index,Longitude,Latitude
1,113.008024,28.19636
2,113.007994,28.195269
3,113.007995,28.195258
4,113.007999,28.195248
5,113.008005,28.195238
6,113.008013,28.195231
7,113.008022,28.195225
8,113.008032,28.195221
9,113.008043,28.19522
10,113.00812,28.195213
11,113.008132,28.195212
12,113.008142,28.195208
13,113.008152,28.195202
14,113.008161,28.195195
15,113.008167,28.195185
16,113.008172,28.195175
17,113.008175,28.195164
18,113.008198,28.194921
19,113.008217,28.194692
20,113.008301,28.193921
21,113.008302,28.19391
22,113.008306,28.193899
23,113.008312,28.193889
24,113.00832,28.193881
25,113.008329,28.193874
26,113.00834,28.19387
27,113.008351,28.193867
28,113.009692,28.193818
29,113.009703,28.193818
30,113.009713,28.193821
31,113.009723,28.193825
32,113.009732,28.193831
33,113.009738,28.19384
34,113.009743,28.193849
35,113.009746,28.19386
36,113.009864,28.195417
37,113.009872,28.195434
38,113.009883,28.195449
39,113.009899,28.19546
40,113.009921,28.195466
41,113.010374,28.195458
42,113.010449,28.195455
43,113.010578,28.195456
44,113.01059,28.195457
45,113.0106,28.195461
46,113.01061,28.195467
47,113.010618,28.195475
48,113.010624,28.195484
49,113.010629,28.195494
50,113.010631,28.195505
51,113.010707,28.19661
52,113.010756,28.197358
53,113.010777,28.197683
54,113.010775,28.197694
55,113.010772,28.197704
56,113.010766,28.197713
57,113.010758,28.19772
58,113.010749,28.197726
59,113.010739,28.197729
60,113.010728,28.197731
61,113.01066,28.197717
62,113.009999,28.197753
63,113.009988,28.197754
64,113.009978,28.197758
65,113.009969,28.197763
66,113.009961,28.197771
67,113.009955,28.19778
68,113.009951,28.19779
69,113.00995,28.197801
70,113.009964,28.198154
71,113.010017,28.199401
72,113.010039,28.199528
73,113.010061,28.200005
74,113.010092,28.20028
75,113.01009,28.200291
76,113.010086,28.2003
77,113.01008,28.200309
78,113.010072,28.200316
79,113.010063,28.200321
80,113.010053,28.200324
81,113.010042,28.200325
82,113.009243,28.200321
83,113.008568,28.200318
84,113.008557,28.200317
85,113.008545,28.200314
86,113.008535,28.20031
87,113.008525,28.200303
88,113.008517,28.200294
89,113.00851,28.200285
90,113.008505,28.200274
91,113.008408,28.199933
92,113.008375,28.199741
93,113.008364,28.199578
94,113.008311,28.198367
95,113.008308,28.198356
96,113.008304,28.198346
97,113.008297,28.198338
98,113.008289,28.198331
99,113.008279,28.198325
100,113.008269,28.198322
101,113.008258,28.198322
102,113.007767,28.198334
103,113.007755,28.198333
104,113.007743,28.198331
105,113.007732,28.198327
106,113.007722,28.19832
107,113.007712,28.198311
108,113.007701,28.198305
109,113.00769,28.198299
110,113.007678,28.198296
111,113.007665,28.198294
112,113.007652,28.198294
113,113.007241,28.198308
114,113.007105,28.198305
115,113.007093,28.198307
116,113.007082,28.198311
117,113.007071,28.198316
118,113.007061,28.198323
119,113.007053,28.198332
120,113.007046,28.198342
121,113.007041,28.198353
122,113.007044,28.198388
123,113.007043,28.198399
124,113.007039,28.198409
125,113.007033,28.198418
126,113.007026,28.198425
127,113.007017,28.198431
128,113.007007,28.198434
129,113.006996,28.198435
130,113.006964,28.198441
131,113.006305,28.198461
132,113.005712,28.19847
133,113.005701,28.198468
134,113.005691,28.198463
135,113.005683,28.198456
136,113.005676,28.198448
137,113.005671,28.198438
138,113.005668,28.198427
139,113.00566,28.198316
140,113.005663,28.198146
141,113.005627,28.197807
142,113.005588,28.197441
143,113.005566,28.196906
144,113.005514,28.19635
145,113.005515,28.196337
146,113.005516,28.196325
147,113.005518,28.196312
148,113.005522,28.1963
149,113.005526,28.196288
150,113.005532,28.196277
151,113.005538,28.196266
152,113.00556,28.196233
153,113.006888,28.196167
154,113.006898,28.196168
155,113.006909,28.19617
156,113.006918,28.196174
157,113.006927,28.196181
158,113.006933,28.196189
159,113.006938,28.196199
160,113.00694,28.196209
161,113.006946,28.19636
162,113.006949,28.19637
163,113.006953,28.196379
164,113.00696,28.196388
165,113.006968,28.196394
166,113.006978,28.196399
167,113.006988,28.196401
168,113.006999,28.196401
169,113.007621,28.196361
170,113.008024,28.19636
